# id, alpha, delta, psa, x, y, pa, type, cat_M, cat_C, cat_U, cat_NGC, cat_IC, cat_Mel, cat_Cr, name, constellation, csa, osa, mag, references, hops, notes
C1,11.798,85.244,1,15,15,0,OC,,1,,188,,2,,,,,,7.1, DSC:TCO,,,
C2,3.254,72.522,1/71,0.6,0.6,90,PN,,2,,40,,,,Bow-Tie Nebula,,,,, DSC:TCO 12.3,,Central star is magnitude 11.6 (DSC:TCO).,
C3,184.175,69.463,31/41,20,8,162,GAL,,3,,4236,,,,,,,,9.6, DSC:TCO,,,
C4,315.404,68.163,61/71,10,8,0,BN,,4,,7023,,,,Iris Nebula,,,,7.7, DSC:TCO,,Star is magnitude 6.8 (DSC:TCO).,
C5,56.702,68.096,1/11,16,16,-27.5,GAL,,5,,,342,,,Hidden Galaxy,,,,7.9, DSC:TCO,,,
C6,269.639,66.633,51/61,0.4,0.3,10,PN,,6,,6543,,,,Cat's Eye Nebula,,,N16,8.1, DSC:TCO OSA,,,
C7,114.214,65.603,21,24,13,126,GAL,,7,,2403,,,,Fireworks Galaxy,,,,7.3, DSC:TCO,,,
C8,22.387,63.301,1/3,7,7,0,OC,,8,,559,,,,Ghost's Goblet,,,N2,9.5, DSC:TCO OSA,,,
C9,344.275,62.636,71/72,50,30,90,BN,,9,,,,,,Sh2-155 = Cave Nebula,,,,10.0, DSC:TCO,,,
C10,26.586,61.212,1/2,15,15,0,OC,,10,5,663,,,,Horseshoe Cluster,,,N2,6.7, DSC:TCO OSA,,,
C11,350.201,61.202,71/72,15,8,0,BN,,11,,7635,,,,Bubble Nebula,,,,10, DSC:TCO,,M52 is \degrees{0.6} to NE.,
C12,308.718,60.154,61/62,11,9,52,GAL,,12,,6946,,,,Firecracker Galaxy,,,N22,8.8, DSC:TCO OSA,,,
C13,19.887,58.278,1/3,20,20,0,OC,,13,4,457,,,,E.T. Cluster = Owl Cluster,,,N2,6.4, DSC:TCO OSA,,,
C14,35.13,57.13,1/2,18,18,0,OC,,14,9/10,869/884,,,,Double Cluster = h/χ Per Clusters,,,N2,4.5/5.7, DSC:TCO OSA,α Per Mirfak (mag 1.8) \hop \degrees{9} E passing ι Per and θ Per to 64/65 And \hop \degrees{7} N to C14/U9/U10,NGC 869 (h Per) is to W and brighter; NGC 884 (χ Per) is to E and fainter. Both are about \arcmin{18} in diameter (DSC:TCO). U8 is \degrees{2} N.,
C15,296.201,50.525,62,0.5,0.4,90,PN,,15,,6826,,,,Blinking Planetary,,,N18,8.5, DSC:TCO OSA,,,
C16,333.788,49.83,73,30,30,0,OC,,16,,7243,,,,,,,N24,6.4, DSC:TCO OSA,,,
C17,8.301,48.509,3,18,11,25,GAL,,17,,147,,,,,,,,9.5, DSC:TCO,,,
C18,9.741,48.338,3,17,14,35,GAL,,18,,185,,,,,,,,9.2, DSC:TCO,,,
C19,328.372,47.246,73,10,10,0,BN,,19,,,5146,,470,Cocoon Nebula,,,,9.3, DSC:TCO,,Cluster is magitude 7.2 (DSC:TCO).,
C20,314.696,44.33,62,100,60,0,BN,,20,,7000,,,,North America Nebula,,,N20,3.8, DSC:TCO OSA,α Cyg Deneb (mag 1.3) \hop \degrees{1} S \hop \degrees{3} E to C20,,
C21,187.046,44.094,32/43,5,4,46,GAL,,21,,4449,,,,Box Galaxy,,,N12,9.6, DSC:TCO OSA,,,
C22,351.473,42.535,72,0.5,0.5,90,PN,,22,,7662,,,,Light Blue Snowball,,,N24,8.3, DSC:TCO OSA,,,
C23,35.637,42.348,2,12,3,22,GAL,,23,,891,,,,,,,N0,9.9, DSC:TCO OSA,,,
C24,49.951,41.512,13,3,2,110,GAL,,24,,1275,,,,Perseus A,,,,11.9, DSC:TCO,,,
C25,114.535,38.882,23,5,5,0,GC,,25,,2419,,,,,,,,10.4, DSC:TCO,,,
C26,184.374,37.807,32/43,16,2,41,GAL,,26,,4244,,,,,,,N12,10.4, DSC:TCO OSA,,,
C27,303.029,38.355,62,18,13,0,BN,,27,,6888,,,,Crescent Nebula,,,,8.8, DSC:TCO,,Central star is magnitude 7.7 (DSC:TCO).,
C28,29.223,37.794,2,75,75,0,OC,,28,7,752,,12,,,,,N0,5.7, DSC:TCO OSA,,,
C29,197.735,37.059,43,6,3,74,GAL,,29,,5005,,,,,,,,9.8, DSC:TCO,,,
C30,339.267,34.416,72/74,10,4,171,GAL,,30,,7331,,,,,,,E23,9.5, DSC:TCO OSA,,,
C31,79.35,34.38,12,30,20,0,BN,,31,,,405,,,Flaming Star Nebula,,,,9.2, DSC:TCO,,AE Aur (towards the SW edge) is magnitude 6 and variable (DSC:TCO).,
C32,190.533,32.542,43/45,15,4,86,GAL,,32,,4631,,,,Whale Galaxy,,,E13,9.2, DSC:TCO OSA,,,
C33,314.079,31.743,62,60,8,0,BN,,33,,6992,,,,Eastern Veil Nebula,,,N20,7.5, DSC:TCO OSA,,,
C34,311.408,30.708,62,70,6,0,BN,,34,,6960,,,,Western Veil Nebula,,,N20,7.9, DSC:TCO OSA,,,
C35,195.034,27.977,43/45,3,2,80,GAL,,35,,4889,,,,,,,,11.5, DSC:TCO,,,
C36,188.99,27.96,43/45,11,5,150,GAL,,36,,4559,,,,,,,E13,10.0, DSC:TCO OSA,,C38 is \degrees{2} S. U44 is \degrees{4} to SW.,
C37,303.004,26.478,62/64,20,20,0,OC,,37,,6885,,,,,,,,8.1, DSC:TCO,,,
C38,189.087,25.987,43/45,16,2,135,GAL,,38,,4565,,,,Needle Galaxy,,,E13,9.6, DSC:TCO OSA,,C36 is \degrees{2} N. U44 is \degrees{3} to W.,
C39,112.295,20.912,25,0.8,0.7,90,PN,,39,36,2392,,,,Eskimo Nebula,,,E7,9.2, DSC:TCO DSC:TMO OSA,,The open cluster NGC 2420 is \degrees{2} N (see DSC:TCO).,
C40,170.016,18.357,34,3,2,155,GAL,,40,,3626,,,,,,,,11.0, DSC:TCO,,,
C41,66.725,15.867,15,330,330,0,OC,,41,18,,,25,50,Hyades,,,E3,0.5, DSC:TCO OSA,,Much bigger than the finder chart.,
C42,315.373,16.188,64/75,4,4,85,GC,,42,,7006,,,,,,,,10.6, DSC:TCO,,,
C43,0.812,16.145,5/74,6,2,134,GAL,,43,,7814,,,,,,,,10.6, DSC:TCO,,,
C44,346.236,12.323,74,4,3,15,GAL,,44,,7479,,,,,,,,10.8, DSC:TCO,,,
C45,204.383,8.885,44,6,5,125,GAL,,45,,5248,,,,,,,,10.3, DSC:TCO,,,
C46,99.791,8.736,25/E,4,2,0,BN,,46,,2261,,,,Hubble's Variable Nebula,,,E7,10, DSC:TCO OSA,,The magnitude of the nebula is variable (DSC:TCO). U31 is \degrees{1.25} NNE.,
C47,308.547,7.404,64,7,7,0,GC,,47,,6934,,,,,,,,8.8, DSC:TCO,,,
C48,137.584,7.038,24/35,5,4,160,GAL,,48,,2775,,,,,,,,10.1, DSC:TCO,,,
C49,98.045,4.914,25/E,80,60,0,BN,,49,,2237/38/46,,,,Rosette Nebula,,,E9,5, DSC:TCO OSA,α Ori Betelgeuse (mag 0.3--0.9) \hop \degrees{3} S \hop \degrees{7} E to 8 Mon \hop \degrees{2} E to C49,Surrounding C50.,
C50,98.045,4.914,25/E,30,30,0,OC,,50,30,2244,,,,,,,E9,4.4, DSC:TCO OSA,α Ori Betelgeuse (mag 0.3--0.9) \hop \degrees{3} S \hop \degrees{7} E to 8 Mon \hop \degrees{2} E to C50/U30,Surrounded by C49.,
C51,16.226,2.133,5/7,19,17,50,GAL,,51,,,1613,,,,,,,9.2, DSC:TCO,,,
C52,192.15,-5.801,47,7,5,86,GAL,,52,,4697,,,,,,,E12,9.0, DSC:TCO OSA,,,
C53,151.308,-7.719,37,7,3,15,GAL,,53,,3115,,,,The Spindle,,,E10,8.9, DSC:TCO OSA,,,
C54,120.01,-10.773,26,12,12,0,OC,,54,,2506,,80,170,,,,,7.6, DSC:TCO,,,
C55,316.045,-11.363,77,0.7,0.4,70,PN,,55,,7009,,,,Saturn Nebula,,,E24,8.0, DSC:TCO OSA,,,
C56,11.764,-11.872,7,5,4,90,PN,,56,,246,,,,,,,,10.9, DSC:TCO,,,
C57,296.234,-14.798,66,15,15,27.5,GAL,,57,,6822,4895,,,Barnard's Galaxy,,,E22,7.9, DSC:TCO OSA,,,
C58,109.443,-15.631,27,14,14,0,OC,,58,,2360,,64,,Caroline's Cluster,,,E8,7.0, DSC:TCO OSA,,,
C59,156.192,-18.642,36/37,0.8,0.6,90,PN,,59,43,3242,,,,Ghost of Jupiter,,,E10,7.3, DSC:TCO DSC:TMO OSA,,,
C60,180.471,-18.868,36/47,11,6,80,GAL,,60,,4038,,,,NW Antennae Galaxy,,,,10.5, DSC:TCO,,C61 is \arcmin{1.2} SW.,
C61,180.474,-18.885,36/47,10,4,50,GAL,,61,,4039,,,,SE Antennae Galaxy,,,,11.2, DSC:TCO,,C60 is \arcmin{1.2} NW,
C62,11.786,-20.76,7,22,7,165,GAL,,62,,247,,,,,,,E0,8.9, DSC:TCO OSA,,,
C63,337.411,-20.837,76/77,12,10,90,PN,,63,,7293,,,,Helix Nebula,,,E24,6.0, DSC:TCO OSA,,,
C64,109.671,-24.954,27,6,6,0,OC,,64,,2362,,,,$\tau$ CMa Cluster,,,E6,4.1, DSC:TCO OSA,,,
C65,11.888,-25.289,7/9,26,6,53,GAL,,65,,253,,,,Sculpter Galaxy,,,E0,7.1, DSC:TCO OSA,β Cet Deneb Kaitos (mag 2.0) \hop \degrees{7} S \hop \degrees{1} E to C65,,
C66,219.902,-26.538,46,4,4,0,GC,,66,,5694,,,,,,,,10.2, DSC:TCO,,,
C67,41.579,-30.275,6/8,10,6,140,GAL,,67,,1097,,,,,,,,9.2, DSC:TCO,,,
C68,285.443,-36.961,69,1.3,1.3,0,BN,,68,,6729,,,,R CrA Nebula,,,,9.5, DSC:TCO,,The morphology and magnitude of the nebula are variable (DSC:TCO).,
C69,258.435,-37.103,58,1.4,0.4,90,PN,,69,,6302,,,,Bug Nebula,,,,9.6, DSC:TCO,,,
C70,13.723,-37.684,9,20,13,114,GAL,,70,,300,,,,,,,,7.2, DSC:TCO,,,
C71,118.046,-38.537,28,20,20,0,OC,,71,,2477,,78,,,,,S6,5.8, DSC:TCO OSA,,,
C72,3.723,-39.197,9,34,6,101,GAL,,72,,55,,,,,,,S0,7.5, DSC:TCO OSA,,,
C73,78.528,-40.047,18,12,12,0,GC,,73,,1851,,,,,,,S0,7.1, DSC:TCO OSA,,,
C74,151.757,-40.436,39,1.4,0.9,90,PN,,74,,3132,,,,,,,S6,9.2, DSC:TCO OSA,,,
C75,246.332,-40.661,58,40,40,0,OC,,75,,6124,,,,,,,S21,5.3, DSC:TCO OSA,,,
C76,253.535,-41.827,58,14,14,90,OC,,76,,6231,,,315,,,,S21,2.6, DSC:TCO OSA,,,
C77,201.365,-43.019,48/49,17,13,33,GAL,,77,,5128,,,,Cen A,,,S15,6.6, DSC:TCO OSA,,,
C78,272.01,-43.715,69,15,15,0,GC,,78,,6541,,,,,,,S21,6.3, DSC:TCO OSA,,,
C79,154.403,-46.412,39,20,20,0,GC,,79,,3201,,,,,,,S6,6.7, DSC:TCO OSA,,,
C80,201.697,-47.479,48/49,55,55,0,GC,,80,,5139,,,,$\omega$ Cen,,,S15,3.9, DSC:TCO OSA,,,
C81,261.371,-48.422,58,9,9,0,GC,,81,,6352,,,,,,,,7.8, DSC:TCO,,,
C82,250.319,-48.777,58,14,14,0,OC,,82,,6193,,,,,,,,4.8, DSC:TCO,,,
C83,196.364,-49.468,49,19,4,43,GAL,,83,,4945,,,,,,,,8.8, DSC:TCO,,,
C84,206.612,-51.374,48,11,11,0,GC,,84,,5286,,,,,,,,7.2, DSC:TCO,,,
C85,130.292,-52.991,28,60,60,0,OC,,85,,,2391,,,$\omicron$ Vel Cluster,,,S6,2.8, DSC:TCO OSA,,,
C86,265.175,-53.674,58,31,31,0,GC,,86,,6397,,,,,,,S18,5.3, DSC:TCO OSA,,,
C87,48.068,-55.216,19,7,7,0,GC,,87,,1261,,,,,,,,8.3, DSC:TCO,,,
C88,226.365,-55.608,59,12,12,0,OC,,88,,5823,,131,,,,,,7.9, DSC:TCO,,,
C89,244.721,-57.916,58/60,15,15,0,OC,,89,,6087,,,,S Nor Cluster,,,S18,5.2, DSC:TCO OSA,,,
C90,140.356,-58.311,39,0.2,0.2,90,PN,,90,,2867,,,,,,,,9.7, DSC:TCO,,,
C91,166.417,-58.707,38/40,50,50,0,OC,,91,,3532,,,,,,,S9,3.2, DSC:TCO OSA,,C90 is \degrees{2.5} SW.,
C92,161.259,-59.7,38/40,120,120,0,BN,,92,,3372,,,,$\eta$ Car Nebula,,,S9,4.5, DSC:TCO OSA,,The nebula is variable in magnitude. C91 is \degrees{2.5} NE.,
C93,287.717,-59.985,69/70,29,29,0,GC,,93,,6752,,,,,,,S24,5.4, DSC:TCO OSA,,,
C94,193.415,-60.371,49/50,10,10,0,OC,,94,,4755,,114,,Jewel Box,,,S12,4.2, DSC:TCO OSA,,The northern edge of C99 is \degrees{1} S.,
C95,240.779,-60.43,59/60,15,15,0,OC,,95,,6025,,,,,,,,5.5, DSC:TCO,,,
C96,119.527,-60.8,28/30,22,22,0,OC,,96,,2516,,,,Southern Beehive Cluster,,,S3,3.5, DSC:TCO OSA,,,
C97,174.061,-61.616,38/40,15,15,0,OC,,97,,3766,,,248,,,,S12,5.3, DSC:TCO OSA,,C100 is \degrees{1.8} S.,
C98,190.582,-62.995,49/50,6,6,90,OC,,98,,4609,,,,Coalsack Cluster,,,,6.9, DSC:TCO,,Surrounded by C99.,
C99,187.829,-63.743,49/50,420,300,0,DN,,99,,,,,,Coalsack,,,S12,, DSC:TCO OSA,,Much bigger than the finder chart. Surrounds C98. C94 is \degrees{1} N of the northern edge.,
C100,174.575,-63.367,38/40,65,40,0,OC,,100,,,,,249,$\lambda$ Cen Cluster,,,,2.9, DSC:TCO,,C97 is \degrees{1.8} N.,
C101,287.442,-63.857,70,21,13,16,GAL,,101,,6744,,,,,,,,8.6, DSC:TCO,,,
C102,160.613,-64.426,38/40,100,100,0,OC,,102,,,2602,102,229,$\theta$ Car Cluster,,,S9,1.9, DSC:TCO OSA,,,
C103,84.675,-69.1,20/30/D,30,20,0,BN/OC,,103,,2070,,,,Tarantula Nebula,,,S3,4.0/8.3, DSC:TCO OSA,,The nebula is magnitude 4.0 (DSC:TCO). the cluster is magnitude 8.3 and has a diameter of \arcmin{5} (DSC:TCO).,
C104,15.809,-70.849,10/80,14,14,0,GC,,104,,362,,4,,,,,S0,6.4, DSC:TCO OSA,,,
C105,194.891,-70.877,50,14,14,0,GC,,105,,4833,,,,,,,,8.4, DSC:TCO,,,
C106,6.022,-72.081,10/80,50,50,0,GC,,106,,104,,1,,47 Tuc,,,S0,4.0, DSC:TCO OSA,,,
C107,246.451,-72.202,60,11,11,0,GC,,107,,6101,,,,,,,,9.2, DSC:TCO,,,
C108,186.439,-72.659,40/50,5,5,0,GC,,108,,4372,,,,,,,,7.2, DSC:TCO,,,
C109,152.337,-80.859,40,0.6,0.6,90,PN,,109,,3195,,,,,,,,11.6, DSC:TCO,,,
M1,83.633,22.014,14,6,4,0,BN,1,,,1952,,,,Crab Nebula,Tau,3/9,E3,8.0, DSC:TMO OSA,,,
M2,323.363,-0.823,75/77,16,16,0,GC,2,,81,7089,,,,,Aqr,13,E24,6.3, DSC:TMO OSA,,,
M3,205.548,28.377,43/44,19,19,0,GC,3,,51,5272,,3,,,CVn,5,E15,5.9, DSC:TMO OSA,,,
M4,245.897,-26.526,56/58,36,36,0,GC,4,,53,6121,,,,,Sco,11/12/17/18,E18,5.4, DSC:TMO OSA,α Sco Antares (mag 0.9--1.1) \hop \degrees{1.2} W to M4,,
M5,229.638,2.081,55/57,23,23,0,GC,5,,52,5904,,,,,Ser,11/12,E15,5.7, DSC:TMO OSA,,,
M6,265.069,-32.242,58/69,33,33,90,OC,6,,60,6405,,,,Butterfly Nebula,Sco,18,E18,4.2, DSC:TMO OSA,λ Sco Shaula (mag 1.6) \hop \degrees{5} N \hop \degrees{1} E to M6/U60,,
M7,268.447,-34.841,58/69,75,75,0,OC,7,,62,6475,,,,,Sco,18,E18,2.8, DSC:TMO OSA,ε Sgr Kaus Australis (mag 1.8) \hop \degrees{6} W to M7/U62,,
M8,270.904,-24.387,67,45,30,0,BN,8,,64,6523/6530,,,,Lagoon Nebula,Sgr,12/18,E20,3.0, DSC:TMO OSA,γ Sgr Alnasl (mag 3.0) \hop \degrees{6} N to M8/U64,\degrees{1.5} S of M20 and \degrees{2.0} S of M21,
M9,259.799,-18.516,56,12,12,0,GC,9,,,6333,,,,,Oph,12/18,E17,7.8, DSC:TMO OSA,,,
M10,254.288,-4.1,54/56,20,20,0,GC,10,,57,6254,,,,,Oph,12,E17,6.6, DSC:TMO OSA,,,
M11,282.766,-6.272,65/67,13,13,0,OC,11,,69,6705,,213,391,Wild Duck Cluster,Sct,12,E19,5.3, DSC:TMO OSA,,,
M12,251.809,-1.949,54/56,16,16,0,GC,12,,56,6218,,,,,Oph,12,E17,6.1, DSC:TMO OSA,,,
M13,250.423,36.461,52,20,20,0,GC,13,,54,6205,,,,Hercules Cluster,Her,5/6,N14,5.3, DSC:TMO OSA,ζ Her (mag 2.8)\hop \degrees{5} N (2/3 distance to η Her) to M13/U54,,
M14,264.401,-3.246,54,11,11,0,GC,14,,,6402,,,,,Oph,12,E17,7.6, DSC:TMO OSA,,,
M15,322.493,12.167,75,18,18,0,GC,15,,80,7078,,,,,Peg,13,E23,6.0, DSC:TMO OSA,,,
M16,274.688,-13.792,67,35,28,90,BN,16,,,6611,4703,,,Eagle Nebula,Ser,12,E20,6.0, DSC:TMO OSA,ν Oph (mag 3.3) \hop \degrees{4} E \hop \degrees{4} S to M16\par μ Sgr (mag 3.8) \hop \degrees{7} N \hop \degrees{1} E to M16,,
M17,275.196,-16.172,67,20,15,90,BN,17,,65,6618,,,,Omega Nebula,Sgr,12,E20,6.0, DSC:TMO OSA,ν Oph (mag 3.3) \hop \degrees{5} E \hop \degrees{6} S to M17/U65\par μ Sgr (mag 3.8) \hop \degrees{5} N passing M24 and M18 \hop \degrees{2} E to M17,\degrees{1} N of M18 and \degrees{3} NE of M24,
M18,274.989,-17.089,67,7,7,90,OC,18,,,6613,,,,,Sgr,12/18,E20,6.9, DSC:TMO OSA,ν Oph (mag 3.3) \hop \degrees{5} E \hop \degrees{7} S passing M17/U65 to M18\par μ Sgr (mag 3.8) \hop \degrees{4} N passing M24 \hop \degrees{2} E to M18,\degrees{1} S of M17/U65 and \degrees{2} NE of M24,
M19,255.657,-26.268,56,17,17,0,GC,19,,,6273,,,,,Oph,12/18,E18,6.8, DSC:TMO OSA,,,
M20,270.675,-22.972,67,20,20,90,BN,20,,,6514,,,360,Trifid Nebula,Sgr,12/18,E20,6.3, DSC:TMO OSA,γ Sgr Alnasl (mag 3.0) \hop \degrees{7.5} N passing M8/U64 to M20,\degrees{1.5} N of M8/U64 and \degrees{0.5} SW of M21,
M21,271.036,-22.505,67,16,16,90,OC,21,,,6531,,,,,Sgr,12/18,E20,5.9, DSC:TMO OSA,γ Sgr Alnasl (mag 3.0) \hop \degrees{8.0} N passing M8/U64 and M20 to M21,\degrees{2.0} N of M8/U64 and \degrees{0.5} NE of M20,
M22,279.1,-23.905,67,32,32,0,GC,22,,67,6656,,,,,Sgr,12/18,E20,5.2, DSC:TMO OSA,,,
M23,269.237,-18.987,67,25,25,0,OC,23,,,6494,,,,,Sgr,12/18,E20,5.5, DSC:TMO OSA,,,
M24,274.2,-18.55,67,120,60,60,SC,24,,,,4715,,,,Sgr,12/18,E20,2.5, DSC:TMO OSA,,\degrees{1.5} SW of M18 and \degrees{3} SW of M17/U65,
M25,277.937,-19.114,67,26,26,0,OC,25,,,,4725,,,,Sgr,12/18,E20,4.6, DSC:TMO OSA,,,
M26,281.317,-9.386,67,10,10,0,OC,26,,,6694,,,,,Sct,12,E19,8.0, DSC:TMO OSA,,,
M27,299.902,22.721,64,8,6,90,PN,27,,75,6853,,,,Dumbell Nebula,Vul,6/7/12/13,E21,7.3, DSC:TMO OSA,,,
M28,276.137,-24.87,67/I,14,14,0,GC,28,,,6626,,,,,Sgr,12/18,E20,6.9, DSC:TMO OSA,,,
M29,305.943,38.487,62,10,10,0,OC,29,,,6913,,,,,Cyg,6/7,N20,6.6, DSC:TMO OSA,γ Cyg Sadr (mag 2.2) \hop \degrees{1.8} S to M29,,
M30,325.092,-23.18,77,12,12,0,GC,30,,,7099,,,,,Cap,13/19,E22,6.9, DSC:TMO OSA,,,
M31,10.685,41.269,3,180,60,35,GAL,31,,3,224,,,,Andromeda Galaxy,And,2/7,N0,3.4, DSC:TMO OSA,β And Mirach (mag 2.1) \hop \degrees{2.5} W \hop \degrees{3.0} N to μ And (mag 3.9)\hop \degrees{2.5} W \hop \degrees{3.0} N to M31/U3,\degrees{0.5} N of M32/U2 and \degrees{0.5} SE of M110,
M32,10.674,40.865,3,11,7,170,GAL,32,,2,221,,,,,And,2/7,N0,8.2, DSC:TMO OSA,β And Mirach (mag 2.1) \hop \degrees{2.5} W \hop \degrees{3.0} N to μ And (mag 3.9)\hop \degrees{2.5} W \hop \degrees{2.5} N to M32/U2,\degrees{0.5} S of M31/U3 and \degrees{1} SE of M110,
M33,23.462,30.66,3,67,42,22,GAL,33,,,598,,,,,Tri,2,N0,5.7, DSC:TMO OSA,β And Mirach (mag 2.1) \hop \degrees{5.5} E \hop \degrees{5.0} S to M33\par α Tri (mag 3.4) \hop \degrees{1.0} N \hop \degrees{4.0} W to M33,,
M34,40.531,42.722,2,25,25,0,OC,34,,,1039,,,,,Per,2/3,N4,5.2, DSC:TMO OSA,β~Per Algol (mag 2.1--3.4) \hop \degrees{2.0} N (1/2 distance to κ~Per) \hop \degrees{4.5} W (2/5 distance to γ~And) to M34\\,,
M35,92.272,24.336,14,25,25,0,OC,35,,27,2168,,,,,Gem,3/9,E7,5.1, DSC:TMO OSA,,,
M36,84.084,34.135,12,10,10,0,OC,36,,23,1960,,,,,Aur,3,N6,6.0, DSC:TMO OSA,,,
M37,88.074,32.545,12,15,15,0,OC,37,,26,2099,,,,,Aur,3,N6,5.6, DSC:TMO OSA,β Tau Elnath (mag 1.7) \hop \degrees{6} W to point \degrees{1} N of 136 Tau \hop \degrees{4} N to M37/U26,,
M38,82.167,35.824,12,15,15,0,OC,38,,22,1912,,,,,Aur,3,N6,6.4, DSC:TMO OSA,β Tau Elnath (mag 1.7) \hop \degrees{7} N to M38/U22,,
M39,322.889,48.247,73,31,31,0,OC,39,,82,7092,,,,,Cyg,1/6/7,N24,4.6, DSC:TMO OSA,,,
M40,185.55,58.08,32,0.9,0.9,0,DS,40,,,,,,,,UMa,1/4/5,N10,9.0/9.6, DSC:TMO OSA,,,
M41,101.499,-20.716,27,39,39,0,OC,41,,33,2287,,,,,CMa,9/15,E6,4.5, DSC:TMO OSA,α CMa Sirius (mag $-1.5$)\hop \degrees{4} S to M41/U33,,
M42,83.822,-5.391,16/B,90,60,90,BN,42,,24,1976,,,,Orion Nebula,Ori,9,E4,3.7, DSC:TMO OSA,,,
M43,83.879,-5.27,16/B,20,15,0,BN,43,,,1982,,,,,Ori,9,E4,6.8, DSC:TMO OSA,,,
M44,130.054,19.621,24,70,70,0,OC,44,,39,2632,,88,,Beehive Cluster,Cnc,3/4/9/10,E9,3.1, DSC:TMO OSA,,,
M45,56.601,24.114,15/A,120,120,90,OC,45,,17,,,22,,Pleiades,Tau,2/3/8/9,E3,1.5, DSC:TMO OSA,,,
M46,115.445,-14.844,26,20,20,0,OC,46,,,2437,,,,,Pup,9/10/15/16,E8,6.1, DSC:TMO OSA,,,
M47,114.147,-14.489,27,25,25,0,OC,47,,,2422,,,,,Pup,9/10/15/16,E8,4.4, DSC:TMO OSA,,,
M48,123.412,-5.726,26,30,30,0,OC,48,,38,2548,,,,,Hya,9/10,E10,5.8, DSC:TMO OSA,,,
M49,187.445,8,45/C,8,7,157,GAL,49,,,4472,,,,,Vir,10/11,E14,8.4, DSC:TMO OSA,,,
M50,105.698,-8.338,27,15,15,0,OC,50,,35,2323,,,,,Mon,9,E8,5.9, DSC:TMO OSA,α CMa Sirius (mag $-1.5$)\hop \degrees{3} E to ι CMa \hop \degrees{5} N passing μ CMa to θ CMa \hop \degrees{4} N to asterism of three stars \hop \degrees{2} E to M50/U35,,
M51,202.47,47.195,43,11,7,163,GAL,51,,,5194,,,,Whirlpool Galaxy,CVn,4/5,N12,8.4, DSC:TMO OSA,,,
M52,351.195,61.59,72,16,16,0,OC,52,,,7654,,,,,Cas,2/7,N22,6.9, DSC:TMO OSA,β Cas Chaph (mag 2.3) \hop \degrees{2} N \hop \degrees{6} W to M52,C11 is \degrees{0.6} to SW.,
M53,198.23,18.168,45,13,13,0,GC,53,,,5024,,,,,Com,5/11,E13,7.7, DSC:TMO OSA,,,
M54,283.764,-30.48,69,12,12,0,GC,54,,,6715,,,,,Sgr,18/19,E20,7.2, DSC:TMO OSA,,,
M55,294.999,-30.965,68,19,19,0,GC,55,,,6809,,,,,Sgr,18/19,E22,6.3, DSC:TMO OSA,,,
M56,289.148,30.183,63,7,7,0,GC,56,,,6779,,,,,Lyr,6/7,N18,8.3, DSC:TMO OSA,γ Lyr Sulaphat (mag 3.2) \hop \degrees{3.5} E \hop \degrees{2.5} S to M56,,
M57,283.396,33.029,63,1.1,1.1,90,PN,57,,71,6720,,,,Ring Nebula,Lyr,6/7,N18,8.8, DSC:TMO OSA,γ Lyr Sulaphat (mag 3.2) \hop \degrees{1.2} W \hop \degrees{0.4} N to M57/U71,,
M58,189.432,11.818,45/C,6,5,88,GAL,58,,,4579,,,,,Vir,10/11,E14,9.6, DSC:TMO OSA,,,
M59,190.509,11.647,45/C,5,4,164,GAL,59,,,4621,,,,,Vir,11,E14,9.6, DSC:TMO OSA,,,
M60,190.917,11.553,45/C,7,6,104,GAL,60,,,4649,,,,,Vir,11,E14,8.8, DSC:TMO OSA,,,
M61,185.479,4.474,45,6,6,20,GAL,61,,,4303,,,,,Vir,10/11,E14,9.7, DSC:TMO OSA,,,
M62,255.303,-30.112,58,14,14,0,GC,62,,58,6266,,,,,Oph,17/18,E18,6.7, DSC:TMO OSA,ε Sco (mag 2.3) \hop \degrees{2} E \hop \degrees{4} N to M63 ,,
M63,198.955,42.029,43,14,8,102,GAL,63,,,5055,,,,Sunflower Galaxy,CVn,4/5,N12,8.6, DSC:TMO OSA,,,
M64,194.182,21.683,45,9,5,115,GAL,64,,50,4826,,,,Black-Eye Galaxy,Com,5/11,E13,8.5, DSC:TMO OSA,,,
M65,169.733,13.092,34,9,2,174,GAL,65,,,3623,,,,,Leo,10/11,E11,8.8, DSC:TMO OSA,,,
M66,170.063,12.991,34,8,4,173,GAL,66,,,3627,,,,,Leo,10/11,E11,8.9, DSC:TMO OSA,,,
M67,132.846,11.814,24,25,25,0,OC,67,,40,2682,,,,,Cnc,10,E9,6.0, DSC:TMO OSA,,,
M68,189.867,-26.744,47,11,11,0,GC,68,,,4590,,,,,Hya,10/11/16/17,E12,7.6, DSC:TMO OSA,,,
M69,277.846,-32.348,67,10,10,0,GC,69,,,6637,,,,,Sgr,18,E20,7.4, DSC:TMO OSA,,,
M70,280.803,-32.292,67,8,8,0,GC,70,,,6681,,,,,Sgr,18,E20,7.8, DSC:TMO OSA,,,
M71,298.444,18.779,64,7,7,0,GC,71,,,6838,,,,,Sge,6/7/12/13,E21,8.0, DSC:TMO OSA,,,
M72,313.365,-12.537,66/77,7,7,0,GC,72,,,6981,,,,,Aqr,13,E24,9.2, DSC:TMO OSA,,,
M73,314.75,-12.63,66/77,1.4,1.4,0,AST,73,,,6994,,,426,,Aqr,13,E24,9.7, DSC:TMO OSA,,,
M74,24.174,15.784,4/5,11,11,25,GAL,74,,,628,,,,,Psc,8,E1,8.5, DSC:TMO OSA,,,
M75,301.52,-21.922,66,7,7,55,GC,75,,,6864,,,,,Sgr,12/13/18/19,E22,8.6, DSC:TMO OSA,,,
M76,25.582,51.575,2,3,2,90,PN,76,,,651/650,,,,Little Dumbell,Per,1/2/3/7,N0,10.4, DSC:TMO OSA,,,
M77,40.67,-0.013,4,8,7,72,GAL,77,,12,1068,,,,,Cet,8,E0,8.9, DSC:TMO OSA,,,
M78,86.691,0.079,16,8,6,0,BN,78,,,2068,,,,,Ori,9,E5,8.0, DSC:TMO OSA,,,
M79,81.044,-24.524,16,10,10,0,GC,79,,,1904,,,,,Lep,9/15,E4,7.7, DSC:TMO OSA,,,
M80,244.26,-22.976,56,10,10,0,GC,80,,,6093,,,,,Sco,11/12/17/18,E18,7.3, DSC:TMO OSA,α Sco Antares (mag 0.9--1.1) \hop \degrees{3.0} W \hop \degrees{3.5} N to M80,,
M81,148.888,69.065,31,24,13,157,GAL,81,,41,3031,,,,,UMa,1/4,N8,6.9, DSC:TMO OSA,,,
M82,148.968,69.68,31,12,6,65,GAL,82,,42,3034,,,,,UMa,1/4,N8,8.4, DSC:TMO OSA,,,
M83,204.254,-29.866,47/48,16,13,45,GAL,83,,,5236,,,,,Hya,17,E16,7.6, DSC:TMO OSA,,,
M84,186.266,12.887,45/C,5,4,133,GAL,84,,45,4374,,,,,Vir,4/10/11,E14,9.1, DSC:TMO OSA,,,
M85,186.35,18.191,45/C,8,6,13,GAL,85,,,4382,,,,,Com,4/5/10/11,E14,9.1, DSC:TMO OSA,,,
M86,186.549,12.946,45/C,12,9,127,GAL,86,,46,4406,,,,,Vir,4/10/11,E14,8.9, DSC:TMO OSA,,,
M87,187.706,12.391,45/C,7,7,-28,GAL,87,,47,4486,,,,,Vir,10/11,E14,8.6, DSC:TMO OSA,,,
M88,187.996,14.42,45/C,6,3,138,GAL,88,,,4501,,,,,Com,5/10/11,E14,9.6, DSC:TMO OSA,,,
M89,188.916,12.556,45/C,3,3,0,GAL,89,,,4552,,,,,Vir,10/11,E14,9.8, DSC:TMO OSA,,,
M90,189.208,13.163,45/C,10,4,23,GAL,90,,,4569,,,,,Vir,10/11,E14,9.5, DSC:TMO OSA,,,
M91,188.86,14.496,45/C,5,4,150,GAL,91,,,4548,,,,,Com,5/10/11,E14,10.2, DSC:TMO OSA,,,
M92,259.281,43.136,52,14,14,0,GC,92,,59,6341,,,,,Her,5/6,N14,6.5, DSC:TMO OSA,π Her (mag 3.2) \hop \degrees{6.5} N to M92/U59,,
M93,116.141,-23.853,26,10,10,0,OC,93,,,2447,,,160,,Pup,9/10/15/16,E6,6.2, DSC:TMO OSA,,,
M94,192.721,41.12,43,12,10,105,GAL,94,,49,4736,,,,,CVn,4/5,N12,8.2, DSC:TMO OSA,,,
M95,160.991,11.704,34,8,4,13,GAL,95,,,3351,,,,,Leo,10,E11,9.7, DSC:TMO OSA,,,
M96,161.691,11.82,34,7,5,5,GAL,96,,,3368,,,,,Leo,10,E11,9.2, DSC:TMO OSA,,,
M97,168.699,55.019,32,3,3,90,PN,97,,,3587,,,,,UMa,1/4/5,N10,9.8, DSC:TMO OSA,,,
M98,183.451,14.901,45/C,9,2,152,GAL,98,,,4192,,,,,Com,4/5/10/11,E14,10.1, DSC:TMO OSA,,,
M99,184.707,14.416,45/C,5,4,24,GAL,99,,,4254,,,,,Com,4/5/10/11,E14,9.9, DSC:TMO OSA,,,
M100,185.729,15.822,45/C,6,4,170,GAL,100,,,4321,,,,,Com,4/5/10/11,E14,9.3, DSC:TMO OSA,,,
M101,210.802,54.349,42,26,26,29,GAL,101,,,5457,,,,,UMa,1/4/5/6,N10,7.9, DSC:TMO OSA,,,
M102,226.623,55.763,42,7,3,128,GAL,102,,,5866,,,,,Dra,1/5/6,N16,9.9, DSC:TMO OSA,,,
M103,23.339,60.659,3,6,6,0,OC,103,,,581,,,,,Cas,1/2/3/7,N2,7.4, DSC:TMO OSA,,,
M104,189.998,-11.623,47,7,4,90,GAL,104,,48,4594,,,,Sombrero Galaxy,Vir,10/11,E12,8.0, DSC:TMO OSA,,,
M105,161.957,12.582,34,4,4,68,GAL,105,,,3379,,,,,Leo,10,E11,9.3, DSC:TMO OSA,,,
M106,184.74,47.304,34,20,8,150,GAL,106,,,4258,,,,,CVn,4/5,N12,8.4, DSC:TMO OSA,,,
M107,248.133,-13.054,56,13,13,0,GC,107,,,6171,,,,,Oph,11/12,E17,7.8, DSC:TMO OSA,,,
M108,167.879,55.674,32/33,8,2,79,GAL,108,,,3556,,,,,UMa,1/4/5,N10,10.0, DSC:TMO OSA,,,
M109,179.4,53.375,32,8,4,78,GAL,109,,,3992,,,,,UMa,1/4/5,N10,9.8, DSC:TMO OSA,,,
M110,10.092,41.685,3,20,12,170,GAL,110,,,205,,,,,And,2/7,N0,8.1, DSC:TMO OSA,β And Mirach (mag 2.1) \hop \degrees{2.5} W \hop \degrees{3.0} N to μ And (mag 3.9)\hop \degrees{3.0} W \hop \degrees{3.5} N to M31/U3,\degrees{0.5} NW of M31/U3 and \degrees{1} NW of M32/U2,
U1,7.607,60.213,3,21,21,0,OC,,,1,129,,,,,,,,, DSC:TSD,,,
U6,27.031,71.738,1,36,36,0,OC,,,6,,,,463,,,,,, DSC:TSD,,,
U8,33.856,59.522,2,60,60,0,OC,,,8,,,,,Stock 2,,,,, DSC:TSD,,C14/U9/U10 is \degrees{2} S.,
U9,34.741,57.134,2,18,18,0,OC,,,9,869,,13,24,h Per Cluster,,,N2,, DSC:TCO DSC:TMO OSA,,,
U10,35.584,57.149,2,18,18,0,OC,,,10,884,,14,25,χ Per Cluster,,,N2,, DSC:TCO DSC:TMO OSA,,,
U11,39.232,55.905,2,20,20,0,OC,,,11,,,,,Tr 2,,,,,,,,
U13,48.004,63.218,11/13,23,23,0,OC,,,13,,,,,Tr 3,,,,,,,,
U14,49.075,60.377,11/13,15,15,0,OC,,,14,,,,,Stock 23 = Pazmino's Cluster,,,,,,,,
U15,51.617,48.975,3,185,185,0,OC,,,15,,,20,39,$\alpha$ Per Cluster,,,,,,,Not labelled in the PSA.,
U16,52.894,37.38,13,14,14,0,OC,,,16,1342,,,,,,,,, DSC:TSD,,,
U19,71.481,19.079,15,45,45,0,OC,,,19,1647,,,,,,,E3,, DSC:TCO DSC:HT OSA,α Tau Betelgeuse (mag 0.3--0.9) \hop \degrees{2.5} N \hop \degrees{2.5} E to U19,,
U20,77.703,16.522,14,17,17,0,OC,,,20,1807,,29,61,,,,,, DSC:TSD,,,
U21,78.139,16.696,14,15,15,0,OC,,,21,1817,,,60,,,,,, DSC:TSD,,,
U25,83.787,-4.432,16/B,25,25,0,OC,,,25,1981,,,,,,,E4,, DSC:HT OSA,,,
U28,92.125,13.951,14/25,6,6,0,OC,,,28,2169,,,,,,,,, DSC:HT,,,
U29,96.888,-4.749,25/27,29,29,0,OC,,,29,2232,,,,,,,,, DSC:TSD,κ Ori Saiph (mag 2.1) \hop \degrees{3} N \hop \degrees{11} E passing γ Mon to β Mon \hop \degrees{2.5} N to U29,,
U31,100.217,9.877,25/E,20,20,0,OC,,,31,2264,,,,,,,E7,, DSC:HT OSA,γ Gem Alhena (mag 1.9) \hop \degrees{7} S passing ξ Gem and 30 Gem to U31,C46 is \degrees{1.25} SSW.,
U32,102.091,41.06,23,14,14,0,OC,,,32,2281,,,,,,,N6,, DSC:TSD OSA,,,
U34,102.943,0.465,25/27,12,12,0,OC,,,34,2301,,,,,,,E6,, DSC:HT OSA,,,
U37,122.658,-12.834,26,21,21,0,OC,,,37,2539,,83,,,,,E8,, DSC:HT OSA,,,
U44,186.275,26.1,45,275,275,0,OC,,,44,,,111,256,Coma Star Cluster,,,E13,, DSC:HT OSA,,Not labelled in the PSA.,
U55,251.123,23.8,54,0.8,0.8,120,PN,,,55,6210,,,,,,,E19,, DSC:HT OSA,,,
U61,266.554,5.615,54,70,70,0,OC,,,61,,4665,179,349,,,,E17,, DSC:HT OSA,,,
U63,270.856,-27.884,67,6,6,0,OC,,,63,6520,,,,,,,,, DSC:HT,,,
U66,276.88,6.57,65,20,20,0,OC,,,66,6633,,,,,,,E19,, DSC:HT OSA,,,
U68,279.63,5.49,65,40,40,0,OC,,,68,,4756,210,,,,,E19,, DSC:HT OSA,,,
U70,282.836,10.334,65,13,13,0,OC,,,70,6709,,,,,,,,, DSC:HT,,,
U72,291.35,20.18,64/65,60,60,0,OC,,,72,,,,399,Brocchi's Cluster,,,,, DSC:TMO DSC:HT,,,
U73,295.992,-14.154,66,0.4,0.3,120,PN,,,73,6818,,,,,,,E22,, DSC:HT OSA,,,
U74,296.201,50.525,62,0.5,0.4,90,PN,,,74,6826,,,,,,,N18,, OSA,,,
U76,305.797,40.771,62,7,7,0,OC,,,76,6910,,,,,,,,, DSC:TSD,,,
U77,308.547,7.404,64,6,6,0,GC,,,77,6934,,,,,,,,,,,,
U78,308.626,28.278,62,31,31,0,OC,,,78,6940,,232,,,,,N20,, DSC:HT OSA,,,
U79,316.045,-11.363,77,0.7,0.4,70,PN,,,79,7009,,,,,,,E24,, OSA,,,
U83,328.448,62.589,71,7,7,0,OC,,,83,7160,,,,,,,,, DSC:TSD,,,
U84,331.224,46.508,73,25,25,0,OC,,,84,7209,,,,,,,N24,, DSC:TSD OSA,,,
U85,333.788,49.83,73,21,21,0,OC,,,85,7243,,,,,,,N24,, OSA,,,
U86,351.473,42.535,72,0.5,0.5,90,PN,,,86,7662,,,,,,,N24,, OSA,,,
U87,359,57,72,15,15,0,OC,,,87,7789,,245,,,,,N22,, DSC:TCO DSC:HT OSA,,,
